{
    "name": "basic-example",
    "config": {
        "connector.class": "com.acme.kafka.connect.sample.SampleSourceConnector",
        "topic.name": "topico",
        "payload.headers.fields": "id,entrytype",
        "payload.headers.values": "#{number.randomNumber},#{regexify'(update|insert|delete){1}'}",
        "payload.value.fields": "nome,pais,estado,cidade,fumante",
        "payload.value.values": "#{Name.first_name},#{Address.country},#{Address.state},#{Address.city},#{regexify '(s|n){1}'}",
        "tasks.max": "1"
    }
}
